Ref,Val,Package,PosX,PosY,Rot,Side
,,,,,,
D1,,ComboDiode,65.480508,-113.686555,-20,top
D2,,ComboDiode,71.294852,-97.711773,-20,top
D3,,ComboDiode,77.109197,-81.737003,-20,top
D4,,ComboDiode,82.923542,-65.762228,-20,top
D5,,ComboDiode,82.394977,-119.842914,-20,top
D6,,ComboDiode,88.20932,-103.868134,-20,top
D7,,ComboDiode,94.023661,-87.893364,-20,top
D8,,ComboDiode,99.838008,-71.91859,-20,top
D9,,ComboDiode,95.205203,-137.275585,-20,top
D10,,ComboDiode,101.019544,-121.300813,-20,top
D11,,ComboDiode,106.833892,-105.326037,-20,top
D12,,ComboDiode,112.648237,-89.351262,-20,top
D13,,ComboDiode,118.462576,-73.376483,-20,top
D14,,ComboDiode,112.974729,-141.082719,-20,top
D15,,ComboDiode,118.789059,-125.107941,-20,top
D16,,ComboDiode,124.60341,-109.133171,-20,top
D17,,ComboDiode,130.417748,-93.158395,-20,top
D18,,ComboDiode,136.23209,-77.18362,-20,top
D19,,ComboDiode,129.03414,-149.58831,-20,top
D20,,ComboDiode,134.848483,-133.613533,-20,top
D21,,ComboDiode,140.662821,-117.638758,-20,top
D22,,ComboDiode,146.477165,-101.663985,-20,top
D23,,ComboDiode,152.291506,-85.689211,-20,top
D24,,ComboDiode,150.907897,-142.119125,-20,top
D25,,ComboDiode,156.722238,-126.144359,-20,top
D26,,ComboDiode,162.536583,-110.169581,-20,top
D27,,ComboDiode,168.350926,-94.194804,-20,top
D28,,ComboDiode,145.131121,-160.054626,-35,top
D29,,ComboDiode,169.961846,-170.996139,40,top
D30,,ComboDiode,310.641538,-113.686548,20,top
D31,,ComboDiode,304.827191,-97.711772,20,top
D32,,ComboDiode,299.012852,-81.736998,20,top
D33,,ComboDiode,293.198514,-65.762226,20,top
D34,,ComboDiode,293.72707,-119.842909,20,top
D35,,ComboDiode,287.912731,-103.868139,20,top
D36,,ComboDiode,282.098382,-87.893361,20,top
D37,,ComboDiode,276.284048,-71.918589,20,top
D38,,ComboDiode,280.916846,-137.275581,20,top
D39,,ComboDiode,275.102507,-121.300807,20,top
D40,,ComboDiode,269.288166,-105.326035,20,top
D41,,ComboDiode,263.473822,-89.351261,20,top
D42,,ComboDiode,257.659476,-73.376485,20,top
D43,,ComboDiode,263.147328,-141.082717,20,top
D44,,ComboDiode,257.332981,-125.10794,20,top
D45,,ComboDiode,251.518649,-109.133167,20,top
D46,,ComboDiode,245.704301,-93.158393,20,top
D47,,ComboDiode,239.889962,-77.183622,20,top
D48,,ComboDiode,247.087913,-149.588312,20,top
D49,,ComboDiode,241.273569,-133.613535,20,top
D50,,ComboDiode,235.459225,-117.638761,20,top
D51,,ComboDiode,229.644885,-101.663982,20,top
D52,,ComboDiode,223.83054,-85.689211,20,top
D53,,ComboDiode,225.214154,-142.119131,20,top
D54,,ComboDiode,219.399808,-126.144354,20,top
D55,,ComboDiode,213.585467,-110.16958,20,top
D56,,ComboDiode,207.771128,-94.194802,20,top
D57,,ComboDiode,230.990934,-160.054622,35,top
D58,,ComboDiode,206.160202,-170.996139,-40,top
,,,,,,
,,,,,,
S1,,PG1350,67.190609,-108.988088,-20,top
S2,,PG1350,73.004956,-93.013309,-20,top
S3,,PG1350,78.819294,-77.038536,-20,top
S4,,PG1350,84.63364,-61.063762,-20,top
S5,,PG1350,84.105078,-115.144446,-20,top
S6,,PG1350,89.919424,-99.169668,-20,top
S7,,PG1350,95.733764,-83.194896,-20,top
S8,,PG1350,101.548106,-67.220122,-20,top
S9,,PG1350,96.915308,-132.577125,-20,top
S10,,PG1350,102.729646,-116.602351,-20,top
S11,,PG1350,108.543992,-100.627575,-20,top
S12,,PG1350,114.358334,-84.652792,-20,top
S13,,PG1350,120.172672,-68.678026,-20,top
S14,,PG1350,114.68482,-136.384249,-20,top
S15,,PG1350,120.499162,-120.40948,-20,top
S16,,PG1350,126.313507,-104.434706,-20,top
S17,,PG1350,132.127854,-88.459929,-20,top
S18,,PG1350,137.942193,-72.485155,-20,top
S19,,PG1350,130.744238,-144.889844,-20,top
S20,,PG1350,136.558585,-128.915076,-20,top
S21,,PG1350,142.372927,-112.940301,-20,top
S22,,PG1350,148.18727,-96.965517,-20,top
S23,,PG1350,154.001608,-80.990745,-20,top
S24,,PG1350,152.618003,-137.420666,-20,top
S25,,PG1350,158.432341,-121.445892,-20,top
S26,,PG1350,164.246681,-105.471114,-20,top
S27,,PG1350,170.061023,-89.496345,-20,top
S28,,PG1350,147.999002,-155.958862,-35,top
S29,,PG1350,166.747907,-167.165919,40,top
S30,,PG1350,308.931436,-108.988084,20,top
S31,,PG1350,303.117096,-93.01331,20,top
S32,,PG1350,297.302748,-77.038535,20,top
S33,,PG1350,291.48841,-61.063762,20,top
S34,,PG1350,292.016975,-115.144449,20,top
S35,,PG1350,286.202634,-99.16967,20,top
S36,,PG1350,280.388281,-83.194894,20,top
S37,,PG1350,274.57395,-67.220122,20,top
S38,,PG1350,279.206749,-132.577122,20,top
S39,,PG1350,273.392404,-116.602348,20,top
S40,,PG1350,267.578058,-100.627576,20,top
S41,,PG1350,261.76372,-84.652797,20,top
S42,,PG1350,255.949376,-68.678022,20,top
S43,,PG1350,261.437231,-136.384253,20,top
S44,,PG1350,255.622886,-120.409483,20,top
S45,,PG1350,249.808542,-104.434701,20,top
S46,,PG1350,243.994197,-88.459935,20,top
S47,,PG1350,238.179861,-72.485154,20,top
S48,,PG1350,245.377806,-144.889848,20,top
S49,,PG1350,239.563473,-128.915071,20,top
S50,,PG1350,233.749128,-112.940296,20,top
S51,,PG1350,227.934784,-96.965525,20,top
S52,,PG1350,222.120443,-80.990747,20,top
S53,,PG1350,223.504053,-137.420666,20,top
S54,,PG1350,217.689708,-121.445895,20,top
S55,,PG1350,211.875368,-105.471115,20,top
S56,,PG1350,206.061024,-89.496341,20,top
S57,,PG1350,228.123054,-155.958864,35,top
S58,,PG1350,209.374142,-167.165921,-40,top
